category,keyword_ko,keyword_en
Branded,알로,Alo
Branded,ALO,ALO
Branded,알로요가,Aloyoga
Branded,aloyoga,aloyoga
Branded,알로가방,Alo bag
Branded,알로매장,Alo store
Branded,ALO매장,ALO store
Branded,ALO가방,ALO bag
Branded,알로요가복,Alo yoga wear
Branded,알로모자,Alo cap
Branded,알로에코백,Alo eco bag
Branded,알로바지,Alo pants
Branded,알로요가매장,Alo yoga store
Branded,알로집게핀,Alo hair clip
Branded,알로도산,Alo Dosan
Branded,알로쇼퍼백,Alo shopper bag
Branded,ALO모자,ALO cap
Branded,알로할인코드,Alo discount code
Branded,ALO요가,ALO yoga
Branded,알로헤어밴드,Alo headband
Branded,알로팬츠,Alo pants
Branded,ALO바지,ALO pants
Branded,알로후드집업,Alo hoodie zip-up
Branded,알로양말,Alo socks
Branded,알로한남,Alo Hannam
Branded,알로맨투맨,Alo sweatshirt
Branded,알로바람막이,Alo windbreaker
Branded,알로요가가방,Alo yoga bag
Branded,알로토트백,Alo tote bag
Branded,알로레깅스,Alo leggings
Branded,알로공홈,Alo official website
Branded,ALO에코백,ALO eco bag
Branded,알로백,Alo bag
Branded,알로나시,Alo sleeveless
Branded,알로요가할인코드,Alo yoga discount code
Branded,알로요가백,Alo yoga bag
Branded,알로패딩,Alo padded jacket
Branded,알로집업,Alo zip-up
Branded,알로운동복,Alo activewear
Branded,알로반바지,Alo shorts
Branded,알로직구,ALO direct purchase
Branded,알로트라우저,Alo trousers
Branded,ALO할인코드,ALO discount code
Branded,알로후드,Alo hoodie
Branded,ALO도산,ALO Dosan
Branded,알로쇼츠,Alo shorts
Branded,ALO집게핀,ALO hair clip
Branded,알로요가도산,Alo yoga Dosan
Branded,알로볼캡,Alo ball cap
Branded,알로백팩,Alo backpack
Branded,ALO맨투맨,ALO sweatshirt
Branded,알로요가바지,Alo yoga pants
Branded,ALO바람막이,ALO windbreaker
Branded,ALO양말,ALO socks
Branded,알로테니스스커트,Alo tennis skirt
Branded,알로원피스,Alo one-piece
Branded,알로캡모자,Alo cap hat
Branded,알로할인,Alo discount
Branded,알로요가매트,Alo yoga mat
Branded,알로서울,Alo Seoul
Branded,알로셋업,Alo setup
Branded,알로러닝복,Alo running wear
Branded,알로러닝,Alo running
Branded,ALO헤어밴드,ALO headband
Branded,알로탑,Alo top
Branded,ALO한남,ALO Hannam
Branded,ALO후드집업,ALO hoodie zip-up
Branded,알로탱크탑,Alo tank top
Branded,ALO레깅스,ALO leggings
Branded,알로셔츠,Alo shirt
Branded,알로세일,Alo sale
Branded,알로브라탑,Alo bra top
Branded,알로자켓,Alo jacket
Branded,알로반팔,Alo short-sleeve
Branded,알로트레이닝,Alo training wear
Branded,알로요가한남,Alo yoga Hannam
Branded,ALO나시,ALO sleeveless
Branded,ALO팬츠,ALO pants
Branded,ALO후드,ALO hoodie
Branded,알로텀블러,Alo tumbler
Branded,알로수트업,Alo suit-up
Branded,ALO요가복,ALO yoga wear
Branded,ALO토트백,ALO tote bag
Branded,ALO반팔,ALO short-sleeve
Branded,ALO쇼퍼백,ALO shopper bag
Branded,알로스크런치,Alo scrunchie
Branded,ALO운동복,ALO activewear
Branded,알로요가토트백,Alo yoga tote bag
Branded,알로머리끈,Alo hair tie
Branded,알로요가팬츠,Alo yoga pants
Branded,알로테니스,Alo tennis
Branded,알로버킷백,Alo bucket bag
Branded,알로상의,Alo top wear
Branded,ALO직구,ALO direct purchase
Branded,ALO공홈,ALO official website
Branded,ALO러닝,ALO running
Branded,알로요가양말,Alo yoga socks
Branded,알로한국,Alo Korea
Branded,ALO패딩,ALO padded jacket
Branded,알로요가쇼퍼백,Alo yoga shopper bag
Branded,알로지수,Alo Jisoo
Branded,알로요가할인,Alo yoga discount
Branded,알로추천,Alo recommendation
Branded,알로요가모자,Alo yoga cap
Branded,ALO반바지,ALO shorts
Branded,ALO집업,ALO zip-up
Branded,알로온라인,Alo online
Branded,알로요가집게핀,Alo yoga hair clip
Branded,ALO트레이닝복,ALO training wear
Branded,알로요가에코백,Alo yoga eco bag
Branded,알로요가후드집업,Alo yoga hoodie zip-up
Branded,ALOYOGA매장,ALO YOGA store
Branded,ALO백팩,ALO backpack
Branded,알로치마,Alo skirt
Branded,알로선바이저,Alo sun visor
Branded,알로요가바람막이,Alo yoga windbreaker
Branded,알로요가직구,Alo yoga direct purchase
Branded,알로오프라인,Alo offline
Branded,알로후기,Alo review
Branded,ALO할인,ALO discount
Branded,ALO셋업,ALO setup
Branded,알로요가맨투맨,Alo yoga sweatshirt
Branded,알로필라테스,Alo pilates
Branded,알로스포츠브라,Alo sports bra
Branded,ALO탑,ALO top
Branded,ALO트라우저,ALO trousers
Branded,ALO자켓,ALO jacket
Branded,ALO원피스,ALO one-piece
Branded,알로요가트라우저,Alo yoga trousers
Branded,알로요가세일,Alo yoga sale
Branded,알로더플백,Alo duffle bag
Branded,알로요가헤어밴드,Alo yoga headband
Branded,ALO쇼츠,ALO shorts
Branded,알로요가레깅스,Alo yoga leggings
Branded,ALO백,ALO bag
Branded,ALO브라탑,ALO bra top
Branded,알로요가후드,Alo yoga hoodie
Branded,알로켄달제너,Alo Kendall Jenner
Branded,ALO서울,ALO Seoul
Branded,알로요가집업,Alo yoga zip-up
Branded,ALO세일,ALO sale
Branded,ALO볼캡,ALO ball cap
Branded,ALO셔츠,ALO shirt
Branded,알로진,Alo jeans
Branded,알로요가공홈,Alo yoga official website
Branded,ALO텀블러,ALO tumbler
Branded,알로요가탑,Alo yoga top
Branded,ALO상의,ALO top wear
Branded,ALO한국,ALO Korea
Branded,ALO요가매트,ALO yoga mat
Branded,알로속옷,Alo underwear
Branded,ALO머리끈,ALO hair tie
Branded,ALO치마,ALO skirt
Shoes,런닝화,Running shoes
Shoes,운동화,Sneakers
Shoes,알로스니커즈,Alo sneakers
Shoes,스니커즈,Sneakers
Shoes,ALO신발,ALO shoes
Shoes,알로운동화,Alo sneakers
Shoes,남성스니커즈,Men's sneakers
Shoes,남자스니커즈,Men's sneakers
Shoes,알로신발,Alo shoes
Shoes,알로선셋스니커즈,Alo Sunset sneakers
Shoes,여성스니커즈,Women's sneakers
Shoes,여자스니커즈,Women's sneakers
Shoes,알로러닝화,Alo running shoes
Shoes,ALO운동화,ALO sneakers
Shoes,ALO스니커즈,ALO sneakers
Shoes,알로러너,Alo runner
Shoes,ALO러닝화,ALO running shoes
Shoes,ALO선셋스니커즈,ALO Sunset sneakers
Shoes,알로요가운동화,Alo Yoga sneakers
Shoes,알로요가러닝화,Alo Yoga running shoes
Shoes,알로요가스니커즈,Alo Yoga sneakers
Shoes,알로요가신발,Alo Yoga shoes
Shoes,ALORUNNER,ALORUNNER
Shoes,알로요가선셋스니커즈,Alo Yoga Sunset sneakers
Shoes,선셋스니커즈,Sunset sneakers
Shoes,알로슬리퍼,Alo slippers
Shoes,ALO러너,ALO runner
Shoes,알로요가러너,Alo Yoga runner
Shoes,알로 지수,Alo Jisoo
Shoes,지수운동화,Jisoo sneakers
Shoes,알로 한정판 운동화,Alo limited edition sneakers
Shoes,알로선셋스니커즈지수,Alo Sunset sneakers Jisoo
Shoes,알로지수운동화,Alo Jisoo sneakers
Shoes,선셋스니커즈신상,Sunset sneakers new arrival
Shoes,알로선셋스니커즈팝업,Alo Sunset sneakers pop-up
Shoes,알로팝업,Alo pop-up
Shoes,알로도산팝업,Alo Dosan pop-up
Generic,필라테스,Pilates
Generic,요가,Yoga
Generic,요가복,Yoga Outfit
Generic,헤어밴드,Head band
Generic,러닝복,Running Wear
Generic,집게핀,Hair Clip
Generic,운동복,Activewear
Generic,레깅스,Leggings
Generic,런닝복,Running Outfit
Generic,트레이닝복,Training Wear
Generic,요가바지,Yoga Pants
Generic,필라테스복,Pilates Outfit
Generic,필라테스옷,Pilates Clothing
Generic,홈웨어,Homewear
Generic,헬스복,Gym Wear
Generic,탱크탑,Tank Top
Generic,요가복브랜드,Yoga Wear Brand
Generic,운동복세트,Workout Set
Generic,필라테스상의,Pilates Tops
Generic,여성운동복,Women's Activewear
Generic,여자운동복,Women's Workout Clothes
Generic,여성트레이닝복,Women's Training Wear
Generic,여자헬스복,Women's Gym Wear
Generic,여성요가복,Women's Yoga Wear
Generic,필라테스복장,Pilates Wear
Generic,여자레깅스,Women's Leggings
Generic,레깅스반바지,Leggings Shorts
Generic,애슬레저,Athleisure
Generic,필라테스운동복,Pilates Activewear
Generic,요가복상의,Yoga Tops
Generic,스포츠웨어,Sportswear
Generic,요가복추천,Recommended Yoga Wear
Generic,요가자격증,Yoga Certificate
Generic,요가팬츠,Yoga Trousers
Generic,필라테스바지,Pilates Pants
Generic,애슬레저룩,Athleisure Look
Generic,여성운동복세트,Women's Workout Set
Generic,레깅스브랜드,Leggings Brands
Generic,필라테스레깅스,Pilates Leggings
Generic,레깅스트레이닝복,Leggings Training Wear
Generic,요가복세트,Yoga Set
Generic,요가브랜드,Yoga Brand
Generic,요가레깅스,Yoga Leggings
Generic,필라테스복브랜드,Pilates Clothing Brand
Generic,요가티셔츠,Yoga T-Shirt
Generic,에슬레져룩,Esléger Look
Generic,필라테스옷브랜드,Pilates Clothing Brand
Generic,스포츠이너웨어,Sports Innerwear
Generic,에슬레져,Esléger
Generic,요가강사,Yoga Instructor
Generic,숏레깅스,Short Leggings
Generic,요가복바지,Yoga Pants Outfit
Generic,반팔요가복,Short Sleeve Yoga Wear
Generic,필라테스복추천,Recommended Pilates Wear
Generic,여자운동복브랜드,Women's Activewear Brands
Generic,요가복하의,Yoga Bottoms
Generic,애슬레저브랜드,Athleisure Brand
Generic,요가나시,Yoga Tank
Generic,요가바지추천,Recommended Yoga Pants
Generic,요가복브랜드추천,Recommended Yoga Wear Brand
Generic,여름레깅스,Summer Leggings
Generic,여자레깅스반바지,Women's Leggings Shorts
Generic,요가가디건,Yoga Cardigan
Generic,겨울요가복,Winter Yoga wear
Generic,브라탑운동복,Sports Bra Activewear
Generic,요가웨어,Yoga Apparel
Generic,스피닝복장,Spinning Outfit
Generic,쿨레깅스,Cool Leggings
Generic,요가옷브랜드,Yoga Clothing Brand
Generic,요가복나시,Yoga Tank Top
Generic,요가복반팔,Short Sleeve Yoga Outfit
Generic,요가크롭티,Yoga Crop Top
Generic,요가민소매,Yoga Sleeveless
Generic,여성요가바지,Women's Yoga Pants
Generic,요가와이드팬츠,Wide Yoga Pants
Generic,기모레깅스,Fleece-lined leggings
Generic,겨울레깅스,Winter leggings
Generic,겨울운동복,Winter activewear
Competitors,안다르,Andar
Competitors,룰루레몬,Lululemon
Competitors,젝시믹스,Xexymix
Competitors,부디무드라,Budimudra
Competitors,만두카,Manduka
Competitors,lululemon,Lululemon
Competitors,andar,Andar
Competitors,스토리요가,Stroyyoga
Competitors,아다놀라,Adanola
Competitors,xexymix,Xexymix
Competitors,VUORI,Vuori
Competitors,ADANOLA,Adanola
Competitors,부오리,Vuori
Competitors,SETACTIVE,Setactive
Branded,알로숏패딩,ALO short padded jacket
Branded,알로롱패딩,ALO long padded jacket
Branded,알로니트,ALO knit
Branded,alo니트,ALO knit
Branded,alo숏패딩,ALO short padded jacket
Branded,alo롱패딩,ALO long padded jacket
Branded,알로아우터,ALO outerwear
Branded,alo아우터,ALO outerwear
Branded,알로가디건,ALO cardigan
Branded,alo가디건,ALO cardigan
Branded,알로기프트,ALO Gift
Branded,알로선물,ALO Present
Branded,알로연말세일,ALO Year and Sale
Branded,ALO기프트,ALO Gift
Branded,ALO선물,ALO Present
Branded,알로기프트카드,ALO Giftcard
Branded,ALO연말세일,ALO Year and Sale
Generic,겨울헬스복,Winter gym wear
Generic,트레이닝세트,Training set
Generic,요가커버업,Yoga cover-up
Generic,필라테스옷추천,Recommended Pilates clothing
Generic,트레이닝복세트,Training wear set
Generic,여성헬스복,Women's gym wear
Generic,겨울트레이닝복세트,Winter training wear set
Generic,필라테스복세트,Pilates outfit set
Generic,겨울트레이닝세트,Winter training set
Generic,겨울요가바지,Winter yoga pants
Generic,겨울트레이닝복,Winter training wear
Generic,츄리닝세트,Tracksuit set
Generic,요가상의,Yoga tops
Generic,연예인요가복,Celebrity yoga wear
Branded,ALO웰니스클럽,ALO wellness club
Branded,알로웰니스클럽,ALO wellness club
